{
  "frames": {
    "Comprador.png": {
      "frame": {
        "x": 0,
        "y": 0,
        "w": 57,
        "h": 80
      },
      "rotated": false,
      "trimmed": true,
      "spriteSourceSize": {
        "x": 2,
        "y": 7,
        "w": 57,
        "h": 80
      },
      "sourceSize": {
        "w": 60,
        "h": 90
      },
      "pivot": {
        "x": 0.5,
        "y": 0.5
      }
    }
  },
  "meta": {
    "app": "http://free-tex-packer.com",
    "version": "0.6.7",
    "image": "texture.png",
    "format": "RGBA8888",
    "size": {
      "w": 57,
      "h": 80
    },
    "scale": 1
  }
}